ticker,classe_papel,primeiro_pregao,ultimo_pregao,n_pregoes,emissor_isin,isin,nome_no_pregao
TBLE3,acao,2005-01-03,2016-07-20,2856,TBLE,BRTBLEACNOR2,TRACTEBEL
MLFT4,acao,2005-01-04,2018-01-31,2702,MLFT,BRMLFTACNPR3,LA FONTE PAR
RNAR3,acao,2005-02-28,2015-12-17,2637,RNAR,BRRNARACNOR6,RENAR
BTTL4,acao,2007-08-30,2018-12-10,2282,BTTL,BRBTTLACNPR7,BATTISTELLA
INET3,acao,2005-01-03,2015-10-13,2178,INET,BRINETACNOR3,INEPAR TEL
SFSA4,acao,2007-05-02,2016-11-18,2071,SFSA,BRSFSAACNPR5,SOFISA
BISA3,acao,2006-10-23,2015-01-02,2022,BISA,BRBISAACNOR8,BRASCAN RES
BRIN3,acao,2010-11-01,2018-12-21,2010,BRIN,BRBRINACNOR3,BR INSURANCE
BICB4,acao,2007-10-29,2015-10-16,1968,BICB,BRBICBACNPR7,BICBANCO
BTTL3,acao,2007-08-30,2021-06-10,1866,BTTL,BRBTTLACNOR0,BATTISTELLA
ALLL3,acao,2005-01-28,2015-03-31,1852,ALLL,BRALLLACNOR6,ALL AMER LAT
OHLB3,acao,2005-07-15,2012-12-21,1841,OHLB,BROHLBACNOR6,OHL BRASIL
TMAR5,acao,2005-01-03,2012-04-05,1797,TMAR,BRTMARACNPA7,TELEMAR N L
BRTO4,acao,2005-01-03,2012-04-05,1797,BRTO,BRBRTOACNPR5,BRASIL TELEC
FFTL4,acao,2005-01-03,2011-12-23,1727,FFTL,BRFFTLACNPR7,FOSFERTIL
KROT3,acao,2012-03-14,2019-10-10,1715,KROT,BRKROTACNOR9,KROTON
TLPP3,acao,2005-01-03,2011-10-05,1673,TLPP,BRTLPPACNOR8,TELESP
TLPP4,acao,2005-01-03,2011-10-05,1673,TLPP,BRTLPPACNPR5,TELESP
BPNM4,acao,2007-11-19,2014-08-04,1656,BPNM,BRBPNMACNPR6,PANAMERICANO
TCSL3,acao,2005-01-03,2011-08-02,1628,TCSL,BRTCSLACNOR0,TIM PART S/A
TCSL4,acao,2005-01-03,2011-08-02,1628,TCSL,BRTCSLACNPR7,TIM PART S/A
SGAS4,acao,2005-01-04,2017-06-23,1594,SGAS,BRSGASACNPR3,SUPERGASBRAS
TIBR5,acao,2005-01-05,2015-08-24,1572,TIBR,BRTIBRACNPA3,MILLENNIUM
GPIV11,unit_etf_fii,2007-08-01,2013-08-30,1503,GPIV,BRGPIVBDR003,GP INVEST
UOLL4,acao,2005-12-16,2012-01-18,1501,UOLL,BRUOLLACNPR5,UOL
WSON11,unit_etf_fii,2007-08-01,2013-08-30,1479,WSON,BRWSONBDR009,WILSON SONS
BRTO3,acao,2005-01-03,2012-04-05,1449,BRTO,BRBRTOACNOR8,BRASIL TELEC
MPXE3,acao,2007-12-14,2013-10-21,1445,MPXE,BRMPXEACNOR2,MPX ENERGIA
MILK11,unit_etf_fii,2007-10-31,2013-08-30,1440,MILK,BRMILKBDR003,LAEP
CZLT11,unit_etf_fii,2007-08-17,2013-08-30,1439,CZLT,BRCZLTBDR009,COSAN LTD
CCIM3,acao,2007-01-31,2012-10-18,1416,CCIM,BRCCIMACNOR5,CC DES IMOB
LLXL3,acao,2008-07-28,2014-04-03,1409,LLXL,BRLLXLACNOR8,LLX LOG
STRP4,acao,2005-01-03,2011-04-01,1347,STRP,BRSTRPACNPR6,STAROUP
ALLL4,acao,2005-01-03,2010-10-21,1326,ALLL,BRALLLACNPR3,ALL AMER LAT
BBTG11,unit_etf_fii,2012-04-26,2017-08-18,1316,BBTG,BRBBTGUNT007,BTG PACTUAL
KROT11,unit_etf_fii,2007-08-01,2012-12-04,1312,KROT,BRKROTCDAM11,KROTON
DMMO3,acao,2017-09-21,2023-01-06,1310,DMMO,BRDMMOACNOR0,DOMMO
RDCD3,acao,2007-07-13,2012-10-17,1304,RDCD,BRRDCDACNOR3,REDECARD
BHGR3,acao,2010-01-13,2015-06-08,1297,BHGR,BRBHGRACNOR9,BHG
VAGR3,acao,2011-10-13,2016-11-04,1253,VAGR,BRVAGRACNOR2,V-AGRO
PPLA11,unit_etf_fii,2017-09-11,2022-10-07,1246,PPLA,BRPPLAUNT007,PPLA
SZPQ4,acao,2005-01-03,2011-01-12,1238,SZPQ,BRSZPQACNPR5,SUZANO PETR
VAGV4,acao,2005-01-03,2010-01-04,1229,VAGV,BRVAGVACNPR1,VARIG
ECOD3,acao,2006-11-22,2011-10-11,1208,ECOD,BRECODACNOR8,ECODIESEL
CAFE4,acao,2005-01-03,2012-12-20,1204,CAFE,BRCAFEACNPR9,CAF BRASILIA
DURA4,acao,2005-01-03,2009-10-07,1180,DURA,BRDURAACNPR8,DURATEX
AGEN11,unit_etf_fii,2007-10-25,2013-08-05,1174,AGEN,BRAGENBDR001,AGRENCO
HRTP3,acao,2010-10-25,2015-06-25,1156,HRTP,BRHRTPACNOR2,HRT PETROLEO
DROG3,acao,2005-02-11,2011-12-16,1152,DROG,BRDROGACNOR1,DROGASIL
VCPA4,acao,2005-01-03,2009-08-11,1140,VCPA,BRVCPAACNPR2,V C P
ABNB3,acao,2006-04-27,2010-11-09,1120,ABNB,BRABNBACNOR4,ABNOTE
ITAU4,acao,2005-01-03,2009-05-19,1082,ITAU,BRITAUACNPR3,ITAUBANCO
LVTC3,acao,2021-07-26,2025-09-30,1046,LVTC,BRLVTCACNOR4,WDC NETWORKS
ILMD4,acao,2005-01-03,2011-11-18,1032,ILMD,BRILMDACNPR1,ADUBOS TREVO
TMAR3,acao,2005-01-03,2012-04-05,991,TMAR,BRTMARACNOR4,TELEMAR N L
ITAU3,acao,2005-01-03,2009-05-19,990,ITAU,BRITAUACNOR6,ITAUBANCO
TRNA11,unit_etf_fii,2007-08-01,2012-05-25,971,TRNA,BRTRNACDAM14,TERNA PART
PRGA3,acao,2005-02-02,2009-12-09,940,PRGA,BRPRGAACNOR4,PERDIGAO S/A
TIBR6,acao,2005-01-04,2015-07-29,923,TIBR,BRTIBRACNPB1,MILLENNIUM
RJCP3,acao,2011-06-28,2016-04-05,907,RJCP,BRRJCPACNOR4,RJCP EQUITY
AEDU3,acao,2010-12-06,2014-07-03,885,AEDU,BRAEDUACNOR9,ANHANGUERA
BCAL6,acao,2005-01-03,2008-09-03,858,BCAL,BRBCALACNPB7,BIC CALOI
ARTR3,acao,2012-12-26,2016-06-16,858,ARTR,BRARTRACNOR3,ARTERIS
DAGB11,unit_etf_fii,2010-04-20,2013-08-30,829,DAGB,BRDAGBBDR008,DUFRY AG
AEDU11,unit_etf_fii,2007-08-01,2010-12-03,822,AEDU,BRAEDUCDAM18,ANHANGUERA
ACES4,acao,2005-01-03,2008-04-24,817,ACES,BRACESACNPR2,ACESITA
ALLL11,unit_etf_fii,2007-08-01,2010-10-21,796,ALLL,BRALLLCDAM10,ALL AMER LAT
GLOB3,acao,2006-04-12,2012-03-27,787,GLOB,BRGLOBACNOR8,GLOBEX
ABRE11,unit_etf_fii,2011-07-26,2014-09-25,786,ABRE,BRABRECDAM15,ABRIL EDUCA
ACGU3,acao,2007-07-23,2010-08-12,755,ACGU,BRACGUACNOR6,GUARANI
RIPI4,acao,2005-01-03,2008-01-22,753,RIPI,BRRIPIACNPR0,IPIRANGA REF
SEBB11,unit_etf_fii,2007-10-18,2011-03-18,751,SEBB,BRSEBBCDAM13,SEB
BZLI11,unit_etf_fii,2019-08-20,2024-04-12,718,BZLI,BRBZLICTF003,FII BRREALTY
CTPC3,acao,2007-06-27,2012-01-04,714,CTPC,BRCTPCACNOR5,MARAMBAIA
PTPA4,acao,2005-01-07,2016-08-02,678,PTPA,BRPTPAACNPR8,PETROPAR
CMGR3,acao,2005-01-05,2015-02-04,673,CMGR,BRCMGRACNOR7,CEMAT
DUFB11,unit_etf_fii,2007-08-01,2010-04-19,668,DUFB,BRDUFBBDR008,DUFRYBRAS
CMGR4,acao,2005-01-06,2015-02-19,603,CMGR,BRCMGRACNPR4,CEMAT
RIPI3,acao,2005-01-05,2008-01-16,603,RIPI,BRRIPIACNOR3,IPIRANGA REF
GLOB4,acao,2005-01-05,2008-02-18,600,GLOB,BRGLOBACNPR5,GLOBEX
TARP11,unit_etf_fii,2007-08-01,2010-11-26,594,TARP,BRTARPBDR001,TARPON
ACES3,acao,2005-01-03,2008-04-18,580,ACES,BRACESACNOR5,ACESITA
FLCL5,acao,2005-01-03,2007-04-05,556,FLCL,BRFLCLACNPA7,F CATAGUAZES
BICB3,acao,2007-11-07,2015-09-24,549,BICB,BRBICBACNOR0,BICBANCO
DURA3,acao,2005-03-29,2009-10-07,541,DURA,BRDURAACNOR1,DURATEX
VIGR3,acao,2012-06-22,2016-08-08,537,VIGR,BRVIGRACNOR5,VIGOR FOOD
OGSA3,acao,2015-03-31,2017-09-20,529,OGSA,BROGSAACNOR5,NOVA OLEO
SGAS3,acao,2005-01-21,2017-06-23,506,SGAS,BRSGASACNOR6,SUPERGASBRAS
SATI3,acao,2007-09-21,2009-10-07,503,SATI,BRSATIACNOR0,SATIPEL
AVPL3,acao,2005-01-03,2007-07-31,494,AVPL,BRAVPLACNOR6,AVIPAL
PARC3,acao,2015-06-05,2017-05-02,472,PARC,BRPARCACNOR3,PARCORRETORA
IVTT3,acao,2007-07-16,2010-01-12,443,IVTT,BRIVTTACNOR4,INVEST TUR
IBOV11,unit_etf_fii,2005-02-16,2026-09-09,434,IBOV,BRIBOVINDM18,IBOVESPA
AORE3,acao,2011-05-11,2015-06-16,411,AORE,BRAOREACNOR2,ALL ORE
TEFC11,unit_etf_fii,2007-08-01,2011-07-22,378,TEFC,BRTEFCBDR014,TELEFONICA
BPAT11,unit_etf_fii,2007-08-01,2013-02-19,350,BPAT,BRBPATBDR005,PATAGONIA
LCSA3,acao,2006-08-25,2010-02-12,332,LCSA,BRLCSAACNOR0,PARMALAT
STOC31,acao,2021-06-28,2022-10-07,322,STOC,BRSTOCBDR008,
PRGA4,acao,2005-01-03,2006-04-11,318,PRGA,BRPRGAACNPR1,PERDIGAO S/A
TMAR6,acao,2005-01-05,2012-03-09,317,TMAR,BRTMARACNPB5,TELEMAR N L
TSPP3,acao,2005-01-03,2006-03-30,310,TSPP,BRTSPPACNOR3,TELESP CL PA
TSPP4,acao,2005-01-03,2006-03-30,310,TSPP,BRTSPPACNPR0,TELESP CL PA
TVIT3,acao,2009-09-28,2011-01-12,306,TVIT,BRTVITACNOR4,TIVIT
LATM11,unit_etf_fii,2012-06-25,2013-08-30,260,LATM,BRLATMBDR001,LATAM AIRLN
FLCL3,acao,2005-01-04,2007-04-05,256,FLCL,BRFLCLACNOR4,F CATAGUAZES
XPBR31,acao,2021-10-04,2022-10-07,254,XPBR,BRXPBRBDR001,
OSAO4,acao,2005-01-03,2006-02-02,244,OSAO,BROSAOACNPR6,PLASCAR PART
SWET3,acao,2015-06-17,2016-05-25,221,SWET,BRSWETACNOR3,SWEETCOSMET
REAG3,acao,2025-01-10,2025-12-02,220,REAG,BRREAGACNOR8,REAGINVEST
BELG4,acao,2005-01-03,2005-11-10,215,BELG,BRBELGACNPR6,BELGO MINEIR
BELG3,acao,2005-01-03,2005-12-22,205,BELG,BRBELGACNOR9,BELGO MINEIR
ABRE3,acao,2014-09-26,2015-07-27,205,ABRE,BRABREACNOR9,ABRIL EDUCA
MTBR4,acao,2005-01-03,2006-06-09,186,MTBR,BRMTBRACNPR9,MULTIBRAS
VAGV3,acao,2005-02-17,2009-11-19,158,VAGV,BRVAGVACNOR4,VARIG
CAFE3,acao,2005-01-03,2012-12-06,151,CAFE,BRCAFEACNOR2,CAF BRASILIA
VTLM3,acao,2016-05-27,2016-12-29,149,VTLM,BRVTLMACNOR3,VITALYZE.ME
BBTG12,acao,2017-02-16,2017-09-08,140,BBTG,BRBBTGUNT015,
TBLE6,acao,2005-01-04,2005-08-08,140,TBLE,BRTBLEACNPB3,TRACTEBEL
ELCA3,acao,2005-01-03,2006-06-20,123,ELCA,BRELCAACNOR0,CAIUA
MLFT3,acao,2005-05-18,2018-01-31,121,MLFT,BRMLFTACNOR6,LA FONTE PAR
VNET3,acao,2009-06-29,2009-12-17,119,VNET,BRVNETACNOR6,VISANET
STLB3,acao,2009-12-17,2011-04-29,107,STLB,BRSTLBACNOR2,STEEL BRASIL
ELCA4,acao,2005-01-12,2006-06-20,104,ELCA,BRELCAACNPR7,CAIUA
IRON3,acao,2008-07-28,2008-12-19,103,IRON,BRIRONACNOR6,IRONX MINER
ARTE4,acao,2005-01-03,2006-06-26,97,ARTE,BRARTEACNPR8,KUALA
DIVO11,unit_etf_fii,2019-08-19,2019-12-30,92,DIVO,BRDIVOCTF002,IT NOW IDIV
BOVA11,unit_etf_fii,2019-08-19,2019-12-30,92,BOVA,BRBOVACTF003,ISHARES BOVA
PIBB11,unit_etf_fii,2019-08-19,2019-12-30,92,PIBB,BRPIBBCTF005,IT NOW PIBB
FNAM11,unit_etf_fii,2019-08-19,2019-12-30,92,FNAM,BRFNAMCTF013,FINAM
FIND11,unit_etf_fii,2019-08-19,2019-12-30,92,FIND,BRFINDCTF007,IT NOW IFNC
BRAX11,unit_etf_fii,2019-08-19,2019-12-30,92,BRAX,BRBRAXCTF002,ISHARES BRAX
BOVB11,unit_etf_fii,2019-08-19,2019-12-30,92,BOVB,BRBOVBCTF001,ETF BRAD BOV
SMAL11,unit_etf_fii,2019-08-19,2019-12-30,92,SMAL,BRSMALCTF002,ISHARES SMAL
BOVV11,unit_etf_fii,2019-08-19,2019-12-30,92,BOVV,BRBOVVCTF009,IT NOW IBOV
MATB11,unit_etf_fii,2019-08-19,2019-12-30,92,MATB,BRMATBCTF001,IT NOW IMAT
IVVB11,unit_etf_fii,2019-08-19,2019-12-30,92,IVVB,BRIVVBCTF001,ISHARE SP500
FNOR11,unit_etf_fii,2019-08-19,2019-12-30,92,FNOR,BRFNORCTF013,FINOR
SPXI11,unit_etf_fii,2019-08-19,2019-12-30,92,SPXI,BRSPXICTF003,IT NOW SPXI
XBOV11,unit_etf_fii,2019-08-19,2019-12-30,92,XBOV,BRXBOVCTF005,CAIXAETFXBOV
GOVE11,unit_etf_fii,2019-08-19,2019-12-30,90,GOVE,BRGOVECTF004,IT NOW IGCT
BBSD11,unit_etf_fii,2019-08-19,2019-12-30,90,BBSD,BRBBSDCTF000,BB ETF SP DV
FSRF11,unit_etf_fii,2019-08-19,2019-12-30,90,FSRF,BRFSRFCTF010,FISET FL REF
ISUS11,unit_etf_fii,2019-08-19,2019-12-30,89,ISUS,BRISUSCTF003,IT NOW ISE
AURA32,acao,2020-07-06,2020-11-09,88,AURA,BRAURABDR001,
ECOO11,unit_etf_fii,2019-08-19,2019-12-30,86,ECOO,BRECOOCTF008,ISHARES ECOO
XPOM11,unit_etf_fii,2019-08-19,2019-12-30,86,XPOM,BRXPOMCTF004,FIP XP OMEGA
PLIM4,acao,2005-01-03,2005-04-29,80,PLIM,BRPLIMACNPR5,NET
CHAP3,acao,2005-01-03,2005-04-29,72,CHAP,BRCHAPACNOR4,CHAPECO
FSTU11,unit_etf_fii,2019-08-19,2019-12-30,71,FSTU,BRFSTUCTF015,FISET TUR
FLCL6,acao,2005-01-03,2007-03-30,71,FLCL,BRFLCLACNPB5,F CATAGUAZES
FPOR11,unit_etf_fii,2019-08-19,2019-12-27,70,FPOR,BRFPORCTF000,FIP PORT SUD
XPIE11,unit_etf_fii,2019-08-19,2019-12-30,69,XPIE,BRXPIECTF003,FIP XP INFRA
VCPA3,acao,2009-08-12,2009-11-17,67,VCPA,BRVCPAACNOR5,V C P
CPFG3,acao,2005-01-06,2005-07-29,65,CPFG,BRCPFGACNOR5,CPFL GERACAO
FSPE11,unit_etf_fii,2019-08-19,2019-12-30,65,FSPE,BRFSPECTF017,FISET PESCA
CGOS3,acao,2005-05-23,2007-10-08,59,CGOS,BRCGOSACNOR1,CELG
FDES11,unit_etf_fii,2019-08-19,2019-12-30,59,FDES,BRFDESCTF005,FUNDES
CPFG4,acao,2005-01-06,2005-07-29,59,CPFG,BRCPFGACNPR2,CPFL GERACAO
BECE3,acao,2005-01-24,2006-05-30,55,BECE,BRBECEACNOR3,EST CEARA
CHAP4,acao,2005-01-03,2005-04-25,55,CHAP,BRCHAPACNPR1,CHAPECO
INBR31,acao,2022-06-20,2022-08-26,50,INBR,BRINBRBDR007,
RCTB41,acao,2005-01-05,2006-11-06,47,RCTB,BRRCTBCSA041,
AQLL11,unit_etf_fii,2019-08-29,2021-06-28,45,AQLL,BRAQLLCTF008,FII AQUILLA
PPLA36,acao,2017-09-11,2017-11-22,43,PPLA,BRPPLABDR002,PPLA
FCCQ11,unit_etf_fii,2019-09-02,2019-12-30,40,FCCQ,BRFCCQCTF005,FIP CONQUEST
HSRE11,unit_etf_fii,2020-12-28,2021-06-15,40,HSRE,BRHSRECTF001,FII HSIRENDA
TANC4,acao,2005-01-03,2005-04-27,38,TANC,BRTANCACNPR1,TAM S/A
FFTL3,acao,2006-08-04,2011-12-21,38,FFTL,BRFFTLACNOR0,FOSFERTIL
MTBR3,acao,2005-01-05,2006-03-28,37,MTBR,BRMTBRACNOR2,MULTIBRAS
VIGT11,unit_etf_fii,2019-11-05,2019-12-30,36,VIGT,BRVIGTCTF004,FIP VINCI IE
INBR32,acao,2022-08-29,2022-10-07,29,INBR,BRINBRBDR007,
TBLE5,acao,2005-01-14,2005-07-12,27,TBLE,BRTBLEACNPA5,TRACTEBEL
BBTG36,acao,2016-07-11,2017-09-08,26,BBTG,BRBBTGBDR002,BTG PACTUAL
LCSA4,acao,2006-09-29,2010-01-14,23,LCSA,BRLCSAACNPR7,PARMALAT
KROT4,acao,2012-03-14,2012-11-30,22,KROT,BRKROTACNPR6,KROTON
RCTB31,acao,2005-01-14,2006-11-13,20,RCTB,BRRCTBCSA033,
TGLT11,unit_etf_fii,2012-02-07,2013-01-07,20,TGLT,BRTGLTBDR003,TGLT
BMBR4,acao,2007-03-06,2007-04-02,20,BMBR,BRBMBRACNPR7,B.MERIDIONAL
PTPA3,acao,2007-11-16,2016-07-05,20,PTPA,BRPTPAACNOR1,PETROPAR
RCTB42,acao,2005-03-07,2006-08-31,18,RCTB,BRRCTBCSA066,
BECE4,acao,2005-02-28,2006-04-19,15,BECE,BRBECEACNPR0,EST CEARA
CTPC4,acao,2007-04-05,2007-06-22,13,CTPC,BRCTPCACNPR2,CTM CITRUS
ILMD3,acao,2005-02-14,2011-11-04,13,ILMD,BRILMDACNOR4,ADUBOS TREVO
TIBR3,acao,2007-07-04,2010-08-12,13,TIBR,BRTIBRACNOR0,MILLENNIUM
BICB11,unit_etf_fii,2007-10-15,2007-10-26,10,BICB,BRBICBCDAM17,BICBANCO
ESUD11,unit_etf_fii,2019-08-26,2024-10-18,10,ESUD,BRESUDCTF004,FIP IE II
ARTE3,acao,2005-03-23,2006-05-15,9,ARTE,BRARTEACNOR1,KUALA
RCSA11,unit_etf_fii,2005-02-17,2007-05-24,9,RCSA,BRRCSACSA011,RCSA
ESUT11,unit_etf_fii,2023-09-12,2026-01-15,9,ESUT,BRESUTCTF000,FIP IE III
TGLT32,acao,2014-10-14,2016-12-20,8,TGLT,BRTGLTBDR003,
PREB11,unit_etf_fii,2013-02-18,2013-03-06,6,PREB,BRPREBBDR001,PACIFIC RUB
ESUU11,unit_etf_fii,2023-12-19,2026-01-15,5,ESUU,BRESUUCTF008,FIP IE I
SMLL11,unit_etf_fii,2024-10-16,2025-10-06,3,SMLL,BRSMLLINDM18,SMALL CAP
IBXL11,unit_etf_fii,2013-10-01,2013-12-02,2,IBXL,BRIBXLINDM19,IBRX 50
CTAP3,acao,2006-11-17,2006-11-17,1,CTAP,BRCTAPACNOR9,CENT AMAPA
TRNA4,acao,2007-04-30,2007-04-30,1,TRNA,BRTRNAACNPR9,TERNA PART
CTCO3,acao,2006-11-17,2006-11-17,1,CTCO,BRCTCOACNOR8,CENT CORUMBA
TRNA3,acao,2007-04-30,2007-04-30,1,TRNA,BRTRNAACNOR2,TERNA PART
